
  { "fullName": "Aaron Garcia", "email": "aarong@cmacroofing.com", "phone": "817-896-65612" },
  { "fullName": "Abel Salazar", "email": "abels@cmacroofing.com", "phone": "214-533-3078" },
  { "fullName": "Albert Pecina", "email": "albertp@cmacroofing.com", "phone": "" },
  { "fullName": "Alex Miles", "email": "alexm@cmacroofing.com", "phone": "" },
  { "fullName": "Alfredo Sandoval", "email": "alfredos@cmacroofing.com", "phone": "" },
  { "fullName": "Allan Aviles", "email": "allan@cmacroofing.com", "phone": "" },
  { "fullName": "Alondra Flores", "email": "alondraf@cmacroofing.com", "phone": "" },
  { "fullName": "Amy Havenor", "email": "amyh@cmacroofing.com", "phone": "214-734-2717" },
  { "fullName": "Andrea Lund", "email": "andreal@cmacroofing.com", "phone": "+16822611092" },
  { "fullName": "Anna Skwierinski", "email": "annas@cmacroofing.com", "phone": "" },
  { "fullName": "Ashlee Eaton", "email": "ashlee@cmacroofing.com", "phone": "2146364118" },
  { "fullName": "Avery West", "email": "averyw@cmacroofing.com", "phone": "" },
  { "fullName": "Billy Collazo", "email": "billyc@cmacroofing.com", "phone": "+19729899976" },
  { "fullName": "Brian Luciano", "email": "brianl@cmacroofing.com", "phone": "" },
  { "fullName": "Brock Johnston", "email": "brock@cmacroofing.com", "phone": "" },
  { "fullName": "Chasity Jones", "email": "chasityj@cmacroofing.com", "phone": "940-393-9157" },
  { "fullName": "Chris Reynolds", "email": "chrisr@cmacroofing.com", "phone": "+12817708926" },
  { "fullName": "Chris Harrison", "email": "chrish@cmacroofing.com", "phone": "" },
  { "fullName": "Chris Singleton", "email": "chriss@cmacroofing.com", "phone": "+12148768630" },
  { "fullName": "Christian Sommer", "email": "csommer@cmacroofing.com", "phone": "+12818508678" },
  { "fullName": "Christian Viveiros", "email": "christian@cmacroofing.com", "phone": "+18174717854" },
  { "fullName": "Cody Viveiros", "email": "codyv@cmacroofing.com", "phone": "+18177512041" },
  { "fullName": "Daniel Lara", "email": "daniell@cmacroofing.com", "phone": "+18179406899" },
  { "fullName": "Daniel Arreola", "email": "daniela@cmacroofing.com", "phone": "" },
  { "fullName": "David Havenor", "email": "davidh@cmacroofing.com", "phone": "+12148834670" },
  { "fullName": "David Tresemer", "email": "Davidt@cmacroofing.com", "phone": "417-483-8706" },
  { "fullName": "Dulce Munoz", "email": "candym@cmacroofing.com", "phone": "" },
  { "fullName": "Edwin Escobar", "email": "edwine@cmacroofing.com", "phone": "682-521-7722" },
  { "fullName": "Eric Francis", "email": "ericf@cmacroofing.com", "phone": "" },
  { "fullName": "Evencio Gaona", "email": "evenciog@cmacroofing.com", "phone": "+18175250294" },
  { "fullName": "Faith Mahan", "email": "faith@cmacroofing.com", "phone": "+18179629018" },
  { "fullName": "Grant Gamez", "email": "grantg@cmacroofing.com", "phone": "" },
  { "fullName": "Hugo Sandia", "email": "hugos@cmacroofing.com", "phone": "" },
  { "fullName": "Hunter Powers", "email": "hunterp@cmacroofing.com", "phone": "" },
  { "fullName": "Ivan Guadiana", "email": "ivang@cmacroofing.com", "phone": "" },
  { "fullName": "Ivis Aviles", "email": "ivis@cmacroofing.com", "phone": "" },
  { "fullName": "Jace Hobbs", "email": "jace@cmacroofing.com", "phone": "+16825517020" },
  { "fullName": "Jared Hobbs", "email": "jared@cmacroofing.com", "phone": "" },
  { "fullName": "Jason Carson", "email": "jasonc@cmacroofing.com", "phone": "" },
  { "fullName": "Jason Gamez", "email": "jason@cmacroofing.com", "phone": "" },
  { "fullName": "Javier Sosa", "email": "javiers@cmacroofing.com", "phone": "+14698068207" },
  { "fullName": "Jay Narke", "email": "jayn@cmacroofing.com", "phone": "+12146427739" },
  { "fullName": "Jeninne Glass", "email": "jeninneg@cmacroofing.com", "phone": "" },
  { "fullName": "Jeremy Smith", "email": "jeremys@cmacroofing.com", "phone": "817-614-2199" },
  { "fullName": "Joe Coker", "email": "joec@cmacroofing.com", "phone": "+18172286924" },
  { "fullName": "John Rogers", "email": "johnr@cmacroofing.com", "phone": "" },
  { "fullName": "Johnny Thacker", "email": "johnnyt@cmacroofing.com", "phone": "" },
  { "fullName": "Jonathan Haigwood", "email": "jonathanh@cmacroofing.com", "phone": "" },
  { "fullName": "Jonni Torres", "email": "jonni@cmacroofing.com", "phone": "" },
  { "fullName": "Jordan West", "email": "jordanw@cmacroofing.com", "phone": "" },
  { "fullName": "Jorge Marquez", "email": "jorgem@cmacroofing.com", "phone": "" },
  { "fullName": "Joseph Bandy", "email": "josephb@cmacroofing.com", "phone": "" },
  { "fullName": "JR Aviles", "email": "jr@cmacroofing.com", "phone": "" },
  { "fullName": "Juan Mata", "email": "juanm@cmacroofing.com", "phone": "" },
  { "fullName": "Larry Cremean", "email": "larryc@cmacroofing.com", "phone": "" },
  { "fullName": "Lazaro Castillo", "email": "lazaroc@cmacroofing.com", "phone": "" },
  { "fullName": "Leo Don", "email": "leo@cmacroofing.com", "phone": "" },
  { "fullName": "Leticia Escamilla", "email": "leticiae@cmacroofing.com", "phone": "+18176894391" },
  { "fullName": "Lily Castillo", "email": "lilyc@cmacroofing.com", "phone": "972-832-3677" },
  { "fullName": "Luis Gutierrez", "email": "luisg@cmacroofing.com", "phone": "+19452466775" },
  { "fullName": "Mac Brink", "email": "macb@cmacroofing.com", "phone": "" },
  { "fullName": "Mario Dixon", "email": "mariod@cmacroofing.com", "phone": "" },
  { "fullName": "Martin M", "email": "martinm@cmacroofing.com", "phone": "+18326907898" },
  { "fullName": "Martin L", "email": "martinl@cmacroofing.com", "phone": "+14696262412" },
  { "fullName": "Marvin Bonilla", "email": "marvinb@cmacroofing.com", "phone": "817-705-5065" },
  { "fullName": "Michael Bennett", "email": "michaelb@cmacroofing.com", "phone": "+18178291392" },
  { "fullName": "Micheal Sirenel", "email": "micheals@cmacroofing.com", "phone": "" },
  { "fullName": "Miguel Sandia", "email": "miguels@cmacroofing.com", "phone": "" },
  { "fullName": "Mike Porter", "email": "mikep@cmacroofing.com", "phone": "" },
  { "fullName": "Mike August", "email": "mikea@cmacroofing.com", "phone": "8179075380" },
  { "fullName": "Monica Lopez", "email": "monical@cmacroofing.com", "phone": "" },
  { "fullName": "Omar Guadiana", "email": "omarg@cmacroofing.com", "phone": "" },
  { "fullName": "Oscar Salazar", "email": "oscar@cmacroofing.com", "phone": "512-965-7256" },
  { "fullName": "Pedro Marquez", "email": "pedrom@cmacroofing.com", "phone": "" },
  { "fullName": "Renee Cremean", "email": "renee@cmacroofing.com", "phone": "817-296-3139" },
  { "fullName": "Richard Rogers", "email": "richr@cmacroofing.com", "phone": "" },
  { "fullName": "Rob Davis", "email": "rob@cmacroofing.com", "phone": "+18178884757" },
  { "fullName": "Robin Garner", "email": "robin@cmacroofing.com", "phone": "+18177974979" },
  { "fullName": "Sartha vongvivitpatana", "email": "sartha@cmacroofing.com", "phone": "" },
  { "fullName": "Shane Gresham", "email": "shane@cmacroofing.com", "phone": "" },
  { "fullName": "Silvano Rojo", "email": "silvanor@cmacroofing.com", "phone": "" },
  { "fullName": "Stephanie Smith", "email": "stephanies@cmacroofing.com", "phone": "" },
  { "fullName": "Stephanie Ramos", "email": "stephanier@cmacroofing.com", "phone": "" },
  { "fullName": "Tavo at CMAC Roofing", "email": "tavo@cmacroofing.com", "phone": "" },
  { "fullName": "Timothy Toshiba", "email": "timothytoshiba@cmacroofing.com", "phone": "" },
  { "fullName": "Valeria Duron", "email": "valeriad@cmacroofing.com", "phone": "682-583-7349" },
  { "fullName": "Veronica Paredes", "email": "veronicag@cmacroofing.com", "phone": "+16823958721" },
  { "fullName": "Victor at CMAC Roofing", "email": "victor@cmacroofing.com", "phone": "" },
  { "fullName": "Victor Jr Garcia", "email": "victorjr@cmacroofing.com", "phone": "" },
  { "fullName": "Virginia Martinez", "email": "virginiam@cmacroofing.com", "phone": "" },
  { "fullName": "Vivian Torres", "email": "vivian@cmacroofing.com", "phone": "+18177052676" },
  { "fullName": "Wes Shierry", "email": "wes@cmacroofing.com", "phone": "" }

